<package version="0.0">
  <name>com.livecode.sk.widget.placeholderField</name>
  <title>placeholderField</title>
  <author>Stam Kapetanakis</author>
  <version>1.0</version>
  <type>Widget</type>
  <platforms />
  <os />
  <license>community</license>
  <metadata key="svgicon">M213.156 273.312L213.156 301.344L304.469 301.344L304.469 273.312L213.156 273.312ZM217.656 277.844L224.281 277.844L224.281 284.656L226.281 284.656L226.281 277.844L232.938 277.844L232.938 296.844L226.281 296.844L226.281 288.875L224.281 288.875L224.281 296.844L217.656 296.844L217.656 277.844ZM235.594 277.844L242.25 277.844L242.25 296.844L235.594 296.844L235.594 277.844ZM244.906 277.844L250.469 277.844L254.188 286.406L254.188 277.844L259.75 277.844L259.75 296.844L253.938 296.844L250.469 288.219L250.469 296.844L244.906 296.844L244.906 277.844ZM261.281 277.844L275.812 277.844L275.812 281.656L271.875 281.656L271.875 296.844L265.219 296.844L265.219 281.656L261.281 281.656L261.281 277.844Z</metadata>
  <metadata key="description">A text field that includes a placeholder text as user prompty that disappears on entering text and reappears of field is empty.
Optionally include a subtle animation when showing/hiding placeholder text.
Includes password functionality to obscure text with bullet points and a new control is made visible to show/hide password text.</metadata>
  <property get="string" set="string" name="widgetBackgroundColor" />
  <metadata key="widgetBackgroundColor.default">255,255,255</metadata>
  <metadata key="widgetBackgroundColor.label">Background color</metadata>
  <metadata key="widgetBackgroundColor.section">colors</metadata>
  <metadata key="widgetBackgroundColor.editor">com.livecode.pi.color</metadata>
  <property get="string" set="string" name="animatedPlaceholder" />
  <metadata key="animatedPlaceholder.default">true</metadata>
  <metadata key="animatedPlaceholder.label">Animated placeholder</metadata>
  <metadata key="animatedPlaceholder.section">basic</metadata>
  <metadata key="animatedPlaceholder.editor">com.livecode.pi.boolean</metadata>
  <property get="string" set="string" name="textScaleFactor" />
  <metadata key="textScaleFactor.default">0.4</metadata>
  <metadata key="textScaleFactor.label">Scale text height proportional to field height</metadata>
  <metadata key="textScaleFactor.section">text</metadata>
  <metadata key="textScaleFactor.editor">com.livecode.pi.number</metadata>
  <metadata key="textScaleFactor.step">0.1</metadata>
  <property get="string" set="string" name="placeholderText" />
  <metadata key="placeholderText.default">Placeholder text</metadata>
  <metadata key="placeholderText.label">Placeholder text</metadata>
  <metadata key="placeholderText.section">contents</metadata>
  <metadata key="placeholderText.editor">com.livecode.pi.string</metadata>
  <property get="string" set="string" name="placeholderTextStyle" />
  <metadata key="placeholderTextStyle.default">Italic</metadata>
  <metadata key="placeholderTextStyle.label">textStyle for normal text</metadata>
  <metadata key="placeholderTextStyle.section">text</metadata>
  <metadata key="placeholderTextStyle.options">Italic,Bold,Plain</metadata>
  <metadata key="placeholderTextStyle.editor">com.livecode.pi.enum</metadata>
  <property get="string" set="string" name="widgetBorderColor" />
  <metadata key="widgetBorderColor.default">66,66,66</metadata>
  <metadata key="widgetBorderColor.label">Border color</metadata>
  <metadata key="widgetBorderColor.section">colors</metadata>
  <metadata key="widgetBorderColor.editor">com.livecode.pi.color</metadata>
  <property get="string" set="string" name="placeholderTextColor" />
  <metadata key="placeholderTextColor.default">170,170,170</metadata>
  <metadata key="placeholderTextColor.label">Placeholder text color</metadata>
  <metadata key="placeholderTextColor.section">colors</metadata>
  <metadata key="placeholderTextColor.editor">com.livecode.pi.color</metadata>
  <property get="string" set="string" name="obscureText" />
  <metadata key="obscureText.default">False</metadata>
  <metadata key="obscureText.label">Obscure password</metadata>
  <metadata key="obscureText.section">contents</metadata>
  <metadata key="obscureText.editor">com.livecode.pi.boolean</metadata>
  <property get="string" set="string" name="normalTextColor" />
  <metadata key="normalTextColor.default">66,66,66</metadata>
  <metadata key="normalTextColor.label">Normal text color</metadata>
  <metadata key="normalTextColor.section">colors</metadata>
  <metadata key="normalTextColor.editor">com.livecode.pi.color</metadata>
  <property get="string" set="string" name="textContent" />
  <metadata key="textContent.default" />
  <metadata key="textContent.label">Text content</metadata>
  <metadata key="textContent.section">contents</metadata>
  <metadata key="textContent.editor">com.livecode.pi.text</metadata>
  <property get="string" set="string" name="widgetBorderWidth" />
  <metadata key="widgetBorderWidth.default">2</metadata>
  <metadata key="widgetBorderWidth.label">Border width</metadata>
  <metadata key="widgetBorderWidth.section">basic</metadata>
  <metadata key="widgetBorderWidth.editor">com.livecode.pi.number</metadata>
  <metadata key="widgetBorderWidth.step">1</metadata>
  <property get="string" set="string" name="bulletDelay" />
  <metadata key="bulletDelay.default">150</metadata>
  <metadata key="bulletDelay.label">Delay until char obscured</metadata>
  <metadata key="bulletDelay.section">text</metadata>
  <metadata key="bulletDelay.editor">com.livecode.pi.number</metadata>
  <metadata key="bulletDelay.step">50</metadata>
  <property get="string" set="string" name="animationDuration" />
  <metadata key="animationDuration.default">250</metadata>
  <metadata key="animationDuration.label">Speed (milliseconds) hiding placeholder</metadata>
  <metadata key="animationDuration.section">text</metadata>
  <metadata key="animationDuration.editor">com.livecode.pi.number</metadata>
  <metadata key="animationDuration.step">50</metadata>
  <property get="string" set="string" name="passwordField" />
  <metadata key="passwordField.default">false</metadata>
  <metadata key="passwordField.label">Password field</metadata>
  <metadata key="passwordField.section">basic</metadata>
  <metadata key="passwordField.editor">com.livecode.pi.boolean</metadata>
  <property get="string" set="string" name="widgetTraversalOn" />
  <metadata key="widgetTraversalOn.default">true</metadata>
  <metadata key="widgetTraversalOn.label">The traversalOn of the widget</metadata>
  <metadata key="widgetTraversalOn.section">basic</metadata>
  <metadata key="widgetTraversalOn.editor">com.livecode.pi.boolean</metadata>
  <property get="string" set="string" name="normalTextStyle" />
  <metadata key="normalTextStyle.default">Plain</metadata>
  <metadata key="normalTextStyle.label">textStyle for normal text</metadata>
  <metadata key="normalTextStyle.section">text</metadata>
  <metadata key="normalTextStyle.options">Plain,Bold,Italic</metadata>
  <metadata key="normalTextStyle.editor">com.livecode.pi.enum</metadata>
</package>
